{"kind": "t1", "data": {"subreddit": "politics", "likes": null, "created_utc": 1373760565.0, "score": 1, "user_reports": [], "body": "Actually, it's been true since 1986 the police don't need a warrant to look at e-mails more then 180 days old.\n\nOf course, when that law was passed, the world was a very different place, and e-mail was not used nearly as much by most normal citizens.   ", "author_flair_background_color": null, "author": "Yosarian2", "saved": false, "mod_reason_title": null, "subreddit_type": "public", "mod_note": null, "mod_reason_by": null, "depth": 0, "author_flair_template_id": null, "banned_at_utc": null, "author_flair_type": "text", "body_html": "&lt;div class=\"md\"&gt;&lt;p&gt;Actually, it&amp;#39;s been true since 1986 the police don&amp;#39;t need a warrant to look at e-mails more then 180 days old.&lt;/p&gt;\n\n&lt;p&gt;Of course, when that law was passed, the world was a very different place, and e-mail was not used nearly as much by most normal citizens.   &lt;/p&gt;\n&lt;/div&gt;", "report_reasons": null, "approved_at_utc": null, "num_reports": null, "score_hidden": false, "replies": "", "permalink": "/r/politics/comments/1i8ljs/is_it_true_that_if_you_are_not_a_member_of_the/cb23ki4/", "collapsed_reason": null, "name": "t1_cb23ki4", "ups": 1, "send_replies": true, "subreddit_id": "t5_2cneq", "banned_by": null, "approved_by": null, "is_submitter": false, "rte_mode": "markdown", "author_flair_text_color": null, "controversiality": 0, "removal_reason": null, "collapsed": false, "archived": true, "created": 1373789365.0, "can_gild": true, "parent_id": "t3_1i8ljs", "stickied": false, "author_flair_text": null, "no_follow": true, "mod_reports": [], "edited": false, "author_flair_richtext": [], "author_flair_css_class": null, "link_id": "t3_1i8ljs", "downs": 0, "can_mod_post": false, "subreddit_name_prefixed": "r/politics", "id": "cb23ki4", "gilded": 0, "distinguished": null}}