{"kind": "t1", "data": {"subreddit": "politics", "likes": null, "created_utc": 1373820378.0, "score": 0, "user_reports": [], "body": "&gt;No, it's not true. They need a warrant to collect any personal info on US citizens.\n\n&gt;(phone metadata contains no personal info)\n\nAs we're talking \"metadata\":\n\nThis is outright false and you and me have been over this before. The NSA is permitted to [\"Access the **content of communications gathered from \"U.S. based machine[s]\" or phone numbers** in order to establish if targets are located in the US, for the purposes of ceasing further surveillance.\"](http://www.guardian.co.uk/world/2013/jun/20/fisa-court-nsa-without-warrant)\n\nYou are surveiled by default until they decide they're confident you're an American. At that point existing data can be maintained for 5 years and new data can be gathered as long as they're not sure it's you(the person previously identified as a citizen)\n\nDoes the DOJ have access to this? Probably not normally. But they do not need a warrant to gather it and the metadata was an outright lie by our government.", "author_flair_background_color": null, "author": "DisregardMyPants", "saved": false, "mod_reason_title": null, "subreddit_type": "public", "mod_note": null, "mod_reason_by": null, "depth": 1, "author_flair_template_id": null, "banned_at_utc": null, "author_flair_type": "text", "body_html": "&lt;div class=\"md\"&gt;&lt;blockquote&gt;\n&lt;p&gt;No, it&amp;#39;s not true. They need a warrant to collect any personal info on US citizens.&lt;/p&gt;\n\n&lt;p&gt;(phone metadata contains no personal info)&lt;/p&gt;\n&lt;/blockquote&gt;\n\n&lt;p&gt;As we&amp;#39;re talking &amp;quot;metadata&amp;quot;:&lt;/p&gt;\n\n&lt;p&gt;This is outright false and you and me have been over this before. The NSA is permitted to &lt;a href=\"http://www.guardian.co.uk/world/2013/jun/20/fisa-court-nsa-without-warrant\"&gt;&amp;quot;Access the &lt;strong&gt;content of communications gathered from &amp;quot;U.S. based machine[s]&amp;quot; or phone numbers&lt;/strong&gt; in order to establish if targets are located in the US, for the purposes of ceasing further surveillance.&amp;quot;&lt;/a&gt;&lt;/p&gt;\n\n&lt;p&gt;You are surveiled by default until they decide they&amp;#39;re confident you&amp;#39;re an American. At that point existing data can be maintained for 5 years and new data can be gathered as long as they&amp;#39;re not sure it&amp;#39;s you(the person previously identified as a citizen)&lt;/p&gt;\n\n&lt;p&gt;Does the DOJ have access to this? Probably not normally. But they do not need a warrant to gather it and the metadata was an outright lie by our government.&lt;/p&gt;\n&lt;/div&gt;", "report_reasons": null, "approved_at_utc": null, "num_reports": null, "score_hidden": false, "replies": {"kind": "Listing", "data": {"after": null, "children": [{"kind": "t1", "data": {"subreddit": "politics", "likes": null, "created_utc": 1373824202.0, "score": 1, "user_reports": [], "body": "There are two NSA programs \u2013 one that gathers U.S. phone records (metadata) and another that is designed  to track the use of U.S.-based Internet servers by foreigners with possible links to terrorism.\n\nYou are mixing info on the two in a failed attempt to make a point.\n\nPhone metadata: This includes the \u201ccall pairs\u201d \u2014 the two phone numbers on a call, plus the date, time and duration of the call.\n\nEmail metadata: The \u201cto\u201d and \u201cfrom\u201d email addresses, along with the IP addresses and subject lines. Basically it\u2019s the same information you\u2019d see on the envelope of a postal letter.\n\nSimilar metadata *WAS* collected for text messages, Facebook DMs and the like. The purpose of metadata is to weed out your cat meme emails, which NSA doesn\u2019t care about nor does it read or retain, and to zero in on real suspects for targeted surveillance (which, as you\u2019ll read below, requires an individual warrant for U.S. persons).\n\nWhat is \u201cminimization?\u201d This is the procedure NSA uses to safeguard the privacy of American citizens. Part of this process includes the anonymization/encryption of personal information, transforming proper names, for example, into random strings of characters called \u201cdesignators.\u201d\n\n[this facet of Stellar Wind was discontinued by the Obama administration in 2011.]\n\nhttp://thedailybanter.com/2013/07/a-stellar-wind-primer-what-exactly-are-we-talking-about-regarding-the-nsa/\n\nThe Washington Post has revised its article. Just one day later, with no acknowledgment except for a \nchange in the timestamp, the Post revised the story, \nbacking down from sensational claims it made originally. But the damage was already done. \nThe article no longer reports that the tech companies gave \nthe NSA \"Unrestricted direct access to servers\". \nBut, more importantly, the phrase \u201ctrack a person\u2019s movements and contacts over time\u201d was revised to \n\u201ctrack foreign targets.\u201d There\u2019s a huge difference between the two phrases. \nPublic outrage was almost entirely based on the idea that the NSA was spying on everyone who uses those services, \nbroad, unrestricted access to private information. \nBut the revision limits the scope of the operation to *international communications*.\n\nhttp://www.businessinsider.com/washington-post-updates-spying-story-2013-6 \n\nAccording to The Washington Post. \"PRISM gives the U.S. government access to email, documents, audio, video, \nphotographs and other data belonging to foreigners on foreign soil who are under investigation.\"\n\nAre you a foreigner on foreign soil who is under investigation?\n\n\"It is against the law for the NSA to record or monitor Americans\u2019 phone calls without getting a specific FISA warrant to do so.\" TRUE!\n\nhttp://www.politifact.com/georgia/statements/2013/jul/08/lynn-westmoreland/phone-call-surveillance-policy-no-mystery-congress/\n\nFrom YOUR link. [when you read past the hyperbolic headline, down at the bottom, you find this.]\n\n\"The top secret documents published today detail the circumstances in which data collected on US persons under the foreign intelligence authority must be destroyed, extensive steps analysts must take to try to check targets are outside the US, and reveals how US call records are used to help remove US citizens and residents from data collection.\"\n\n\n", "author_flair_background_color": null, "author": "kvckeywest", "saved": false, "mod_reason_title": null, "subreddit_type": "public", "mod_note": null, "mod_reason_by": null, "depth": 2, "author_flair_template_id": null, "banned_at_utc": null, "author_flair_type": "text", "body_html": "&lt;div class=\"md\"&gt;&lt;p&gt;There are two NSA programs \u2013 one that gathers U.S. phone records (metadata) and another that is designed  to track the use of U.S.-based Internet servers by foreigners with possible links to terrorism.&lt;/p&gt;\n\n&lt;p&gt;You are mixing info on the two in a failed attempt to make a point.&lt;/p&gt;\n\n&lt;p&gt;Phone metadata: This includes the \u201ccall pairs\u201d \u2014 the two phone numbers on a call, plus the date, time and duration of the call.&lt;/p&gt;\n\n&lt;p&gt;Email metadata: The \u201cto\u201d and \u201cfrom\u201d email addresses, along with the IP addresses and subject lines. Basically it\u2019s the same information you\u2019d see on the envelope of a postal letter.&lt;/p&gt;\n\n&lt;p&gt;Similar metadata &lt;em&gt;WAS&lt;/em&gt; collected for text messages, Facebook DMs and the like. The purpose of metadata is to weed out your cat meme emails, which NSA doesn\u2019t care about nor does it read or retain, and to zero in on real suspects for targeted surveillance (which, as you\u2019ll read below, requires an individual warrant for U.S. persons).&lt;/p&gt;\n\n&lt;p&gt;What is \u201cminimization?\u201d This is the procedure NSA uses to safeguard the privacy of American citizens. Part of this process includes the anonymization/encryption of personal information, transforming proper names, for example, into random strings of characters called \u201cdesignators.\u201d&lt;/p&gt;\n\n&lt;p&gt;[this facet of Stellar Wind was discontinued by the Obama administration in 2011.]&lt;/p&gt;\n\n&lt;p&gt;&lt;a href=\"http://thedailybanter.com/2013/07/a-stellar-wind-primer-what-exactly-are-we-talking-about-regarding-the-nsa/\"&gt;http://thedailybanter.com/2013/07/a-stellar-wind-primer-what-exactly-are-we-talking-about-regarding-the-nsa/&lt;/a&gt;&lt;/p&gt;\n\n&lt;p&gt;The Washington Post has revised its article. Just one day later, with no acknowledgment except for a \nchange in the timestamp, the Post revised the story, \nbacking down from sensational claims it made originally. But the damage was already done. \nThe article no longer reports that the tech companies gave \nthe NSA &amp;quot;Unrestricted direct access to servers&amp;quot;. \nBut, more importantly, the phrase \u201ctrack a person\u2019s movements and contacts over time\u201d was revised to \n\u201ctrack foreign targets.\u201d There\u2019s a huge difference between the two phrases. \nPublic outrage was almost entirely based on the idea that the NSA was spying on everyone who uses those services, \nbroad, unrestricted access to private information. \nBut the revision limits the scope of the operation to &lt;em&gt;international communications&lt;/em&gt;.&lt;/p&gt;\n\n&lt;p&gt;&lt;a href=\"http://www.businessinsider.com/washington-post-updates-spying-story-2013-6\"&gt;http://www.businessinsider.com/washington-post-updates-spying-story-2013-6&lt;/a&gt; &lt;/p&gt;\n\n&lt;p&gt;According to The Washington Post. &amp;quot;PRISM gives the U.S. government access to email, documents, audio, video, \nphotographs and other data belonging to foreigners on foreign soil who are under investigation.&amp;quot;&lt;/p&gt;\n\n&lt;p&gt;Are you a foreigner on foreign soil who is under investigation?&lt;/p&gt;\n\n&lt;p&gt;&amp;quot;It is against the law for the NSA to record or monitor Americans\u2019 phone calls without getting a specific FISA warrant to do so.&amp;quot; TRUE!&lt;/p&gt;\n\n&lt;p&gt;&lt;a href=\"http://www.politifact.com/georgia/statements/2013/jul/08/lynn-westmoreland/phone-call-surveillance-policy-no-mystery-congress/\"&gt;http://www.politifact.com/georgia/statements/2013/jul/08/lynn-westmoreland/phone-call-surveillance-policy-no-mystery-congress/&lt;/a&gt;&lt;/p&gt;\n\n&lt;p&gt;From YOUR link. [when you read past the hyperbolic headline, down at the bottom, you find this.]&lt;/p&gt;\n\n&lt;p&gt;&amp;quot;The top secret documents published today detail the circumstances in which data collected on US persons under the foreign intelligence authority must be destroyed, extensive steps analysts must take to try to check targets are outside the US, and reveals how US call records are used to help remove US citizens and residents from data collection.&amp;quot;&lt;/p&gt;\n&lt;/div&gt;", "report_reasons": null, "approved_at_utc": null, "num_reports": null, "score_hidden": false, "replies": "", "permalink": "/r/politics/comments/1i8ljs/is_it_true_that_if_you_are_not_a_member_of_the/cb2i98n/", "collapsed_reason": null, "name": "t1_cb2i98n", "ups": 1, "send_replies": true, "subreddit_id": "t5_2cneq", "banned_by": null, "approved_by": null, "is_submitter": false, "rte_mode": "markdown", "author_flair_text_color": null, "controversiality": 0, "removal_reason": null, "collapsed": false, "archived": true, "created": 1373853002.0, "can_gild": true, "parent_id": "t1_cb2h0ti", "stickied": false, "author_flair_text": null, "no_follow": true, "mod_reports": [], "edited": 1373829499.0, "author_flair_richtext": [], "author_flair_css_class": null, "link_id": "t3_1i8ljs", "downs": 0, "can_mod_post": false, "subreddit_name_prefixed": "r/politics", "id": "cb2i98n", "gilded": 0, "distinguished": null}}], "modhash": "", "dist": null, "before": null}}, "permalink": "/r/politics/comments/1i8ljs/is_it_true_that_if_you_are_not_a_member_of_the/cb2h0ti/", "collapsed_reason": null, "name": "t1_cb2h0ti", "ups": 0, "send_replies": true, "subreddit_id": "t5_2cneq", "banned_by": null, "approved_by": null, "is_submitter": false, "rte_mode": "markdown", "author_flair_text_color": null, "controversiality": 0, "removal_reason": null, "collapsed": false, "archived": true, "created": 1373849178.0, "can_gild": true, "parent_id": "t1_cb21ppi", "stickied": false, "author_flair_text": null, "no_follow": true, "mod_reports": [], "edited": false, "author_flair_richtext": [], "author_flair_css_class": null, "link_id": "t3_1i8ljs", "downs": 0, "can_mod_post": false, "subreddit_name_prefixed": "r/politics", "id": "cb2h0ti", "gilded": 0, "distinguished": null}}